sep=;
CRONOGRAMA GERAL DE VALIDA√á√ÉO ‚Äî VETBALANCE (PVS-001);;;;;;;;
Per√≠odo: 10/03/2026 a 31/07/2026 | Dura√ß√£o: 20 semanas;;;;;;;;
;;;;;;;;
=== SE√á√ÉO 8 ‚Äî PROCEDIMENTOS DE TESTE ===;;;;;;;;
;;;;;;;;
FASE 1 ‚Äî PREPARA√á√ÉO (10/03 ‚Äì 28/03/2026);;;;;;;;
Semana;Per√≠odo;Procedimento;Respons√°vel;Entreg√°vel;;;
1;10/03 ‚Äì 14/03/2026;Submiss√£o do protocolo ao CEP;Pesquisador;Protocolo aprovado;;;
2;17/03 ‚Äì 21/03/2026;Apresenta√ß√£o do projeto aos docentes;Pesquisador;Ata de reuni√£o;;;
2;17/03 ‚Äì 23/03/2026;Cadastro dos participantes e randomiza√ß√£o GE/GC;Pesquisador + Docentes;Lista de aloca√ß√£o selada;;;
3;24/03 ‚Äì 28/03/2026;Pr√©-teste diagn√≥stico (O‚ÇÅ) ‚Äî ambos os grupos;Docentes;Dados do pr√©-teste tabulados;;;
;;;;;;;;
FASE 2 ‚Äî INTERVEN√á√ÉO INICIAL (31/03 ‚Äì 25/04/2026);;;;;;;;
Semana;Per√≠odo;Procedimento;Respons√°vel;Entreg√°vel;;;
4;31/03 ‚Äì 04/04/2026;Aulas te√≥ricas sobre equil√≠brio √°cido-base ‚Äî parte 1 (GE + GC);Docentes;Registro de frequ√™ncia;;;
5;07/04 ‚Äì 11/04/2026;Aulas te√≥ricas ‚Äî parte 2 (GE + GC); in√≠cio treinamento GE no SUT;Docentes / Pesquisador;Registro de frequ√™ncia; logs do tutorial;;;
6;14/04 ‚Äì 18/04/2026;Treinamento do GE no SUT: tutorial guiado + primeiros casos cl√≠nicos;Pesquisador;Logs de conclus√£o do tutorial;;;
7;21/04 ‚Äì 25/04/2026;Uso supervisionado do SUT pelo GE ‚Äî acidose e alcalose metab√≥lica;Alunos GE;Relat√≥rio de sess√µes;;;
;;;;;;;;
FASE 3 ‚Äî AVALIA√á√ÉO INTERMEDI√ÅRIA 1 (28/04 ‚Äì 16/05/2026);;;;;;;;
Semana;Per√≠odo;Procedimento;Respons√°vel;Entreg√°vel;;;
8;28/04 ‚Äì 02/05/2026;Uso intensivo do SUT pelo GE; atividades tradicionais pelo GC;Alunos / Docentes;Logs do sistema;;;
9;05/05 ‚Äì 09/05/2026;Continua√ß√£o do uso intensivo GE; prepara√ß√£o da avalia√ß√£o;Alunos / Docentes;Logs do sistema;;;
9‚Äì10;11/05 ‚Äì 14/05/2026;Avalia√ß√£o intermedi√°ria 1 (O‚ÇÇ) ‚Äî dist√∫rbios metab√≥licos;Docentes;Notas tabuladas;;;
10;15/05 ‚Äì 16/05/2026;An√°lise parcial dos dados no RStudio;Pesquisador;Relat√≥rio parcial;;;
;;;;;;;;
FASE 4 ‚Äî INTERVEN√á√ÉO AVAN√áADA (19/05 ‚Äì 06/06/2026);;;;;;;;
Semana;Per√≠odo;Procedimento;Respons√°vel;Entreg√°vel;;;
11;19/05 ‚Äì 23/05/2026;Casos avan√ßados no SUT: cetoacidose diab√©tica, hipercapnia, mistos;Alunos GE;Dados de sess√µes avan√ßadas;;;
12;25/05 ‚Äì 01/06/2026;Aulas avan√ßadas sobre compensa√ß√£o e protocolos terap√™uticos (GE + GC);Docentes;Registro de frequ√™ncia;;;
13;02/06 ‚Äì 06/06/2026;Modo Avalia√ß√£o do SUT (sem dicas de IA) ‚Äî simula√ß√£o de cen√°rio real;Alunos GE;Dados do modo avalia√ß√£o;;;
;;;;;;;;
FASE 5 ‚Äî AVALIA√á√ÉO FINAL E COLETA (09/06 ‚Äì 27/06/2026);;;;;;;;
Semana;Per√≠odo;Procedimento;Respons√°vel;Entreg√°vel;;;
14;09/06 ‚Äì 13/06/2026;Revis√£o geral no SUT ‚Äî todos os casos dispon√≠veis;Alunos GE;Dados consolidados;;;
14‚Äì15;14/06 ‚Äì 16/06/2026;Avalia√ß√£o intermedi√°ria 2 (O‚ÇÉ) ‚Äî dist√∫rbios respirat√≥rios e mistos;Docentes;Notas tabuladas;;;
15;17/06 ‚Äì 19/06/2026;Question√°rio de satisfa√ß√£o (SUS adaptado) ao GE;Pesquisador;Respostas tabuladas;;;
15‚Äì16;20/06 ‚Äì 23/06/2026;P√≥s-teste final (O‚ÇÑ) ‚Äî avalia√ß√£o abrangente (GE + GC);Docentes;Notas tabuladas;;;
16;24/06 ‚Äì 27/06/2026;Exporta√ß√£o completa dos dados do SUT (CSV/TXT);Pesquisador;Arquivos de dados;;;
;;;;;;;;
FASE 6 ‚Äî AN√ÅLISE E RELAT√ìRIO (30/06 ‚Äì 31/07/2026);;;;;;;;
Semana;Per√≠odo;Procedimento;Respons√°vel;Entreg√°vel;;;
17;30/06 ‚Äì 04/07/2026;Processamento estat√≠stico: testes t de Student, Shapiro-Wilk;Pesquisador;Tabelas estat√≠sticas;;;
18;07/07 ‚Äì 11/07/2026;An√°lise dados SUT: sess√µes, win rate, badges, ranking; d de Cohen;Pesquisador;Relat√≥rio de uso;;;
19;14/07 ‚Äì 18/07/2026;Cruzamento: desempenho no software √ó notas; correla√ß√£o de Pearson;Pesquisador;An√°lise cruzada;;;
20;21/07 ‚Äì 28/07/2026;Reda√ß√£o do relat√≥rio final de valida√ß√£o;Pesquisador;Rascunho do relat√≥rio;;;
20;29/07 ‚Äì 31/07/2026;Entrega do relat√≥rio final de valida√ß√£o (IEEE 829);Pesquisador;Documento final;;;
;;;;;;;;
AGOSTO/2026 ‚Äî MESTRADO;;;;;;;;
‚Äî;01/08 ‚Äì 31/08/2026;Reda√ß√£o da disserta√ß√£o e defesa do mestrado;Pesquisador;Disserta√ß√£o + Defesa;;;
;;;;;;;;
;;;;;;;;
=== SE√á√ÉO 9 ‚Äî CRONOGRAMA DE EXECU√á√ÉO (RESUMO) ===;;;;;;;;
;;;;;;;;
Sem.;Data In√≠cio;Data Fim;Fase;Atividade;Marco (Milestone);;
1;10/03/2026;14/03/2026;F1 ‚Äî Prepara√ß√£o;Submiss√£o do protocolo ao CEP;;;
2;17/03/2026;23/03/2026;F1 ‚Äî Prepara√ß√£o;Apresenta√ß√£o aos docentes; cadastro e randomiza√ß√£o;;;
3;24/03/2026;28/03/2026;F1 ‚Äî Prepara√ß√£o;Pr√©-teste diagn√≥stico (O‚ÇÅ);üî¥ O‚ÇÅ;;
4;31/03/2026;04/04/2026;F2 ‚Äî Interv. Inicial;Aulas te√≥ricas ‚Äî parte 1 (GE + GC);;;
5;07/04/2026;11/04/2026;F2 ‚Äî Interv. Inicial;Aulas te√≥ricas ‚Äî parte 2; in√≠cio treinamento GE;;;
6;14/04/2026;18/04/2026;F2 ‚Äî Interv. Inicial;Treinamento GE no SUT (tutorial + primeiros casos);;;
7;21/04/2026;25/04/2026;F2 ‚Äî Interv. Inicial;Uso supervisionado GE (acidose/alcalose metab√≥lica);;;
8;28/04/2026;02/05/2026;F3 ‚Äî Aval. Interm. 1;Uso intensivo GE; atividades tradicionais GC;;;
9;05/05/2026;09/05/2026;F3 ‚Äî Aval. Interm. 1;Continua√ß√£o uso intensivo GE;;;
10;11/05/2026;16/05/2026;F3 ‚Äî Aval. Interm. 1;Avalia√ß√£o intermedi√°ria 1 (O‚ÇÇ); an√°lise parcial;üî¥ O‚ÇÇ;;
11;19/05/2026;23/05/2026;F4 ‚Äî Interv. Avan√ßada;Casos avan√ßados GE (cetoacidose, hipercapnia, mistos);;;
12;25/05/2026;01/06/2026;F4 ‚Äî Interv. Avan√ßada;Aulas avan√ßadas (compensa√ß√£o e protocolos) ‚Äî GE + GC;;;
13;02/06/2026;06/06/2026;F4 ‚Äî Interv. Avan√ßada;Modo Avalia√ß√£o do SUT (sem IA);;;
14;09/06/2026;16/06/2026;F5 ‚Äî Aval. Final;Revis√£o geral GE; Avalia√ß√£o intermedi√°ria 2 (O‚ÇÉ);üî¥ O‚ÇÉ;;
15;17/06/2026;23/06/2026;F5 ‚Äî Aval. Final;Question√°rio SUS (GE); P√≥s-teste final (O‚ÇÑ);üî¥ O‚ÇÑ;;
16;24/06/2026;27/06/2026;F5 ‚Äî Aval. Final;Exporta√ß√£o completa dos dados do SUT;‚úÖ Coleta encerrada;;
17;30/06/2026;04/07/2026;F6 ‚Äî An√°lise;Processamento estat√≠stico (testes t, Shapiro-Wilk);;;
18;07/07/2026;11/07/2026;F6 ‚Äî An√°lise;An√°lise dados SUT (sess√µes, win rate, badges); d de Cohen;;;
19;14/07/2026;18/07/2026;F6 ‚Äî An√°lise;Cruzamento de dados (software √ó notas); Pearson;;;
20;21/07/2026;31/07/2026;F6 ‚Äî Relat√≥rio;Reda√ß√£o e entrega do relat√≥rio final IEEE 829;‚úÖ Relat√≥rio final;;
‚Äî;01/08/2026;31/08/2026;MESTRADO;Reda√ß√£o da disserta√ß√£o e defesa;üéì Defesa;;
;;;;;;;;
RESUMO POR FASE;;;;;;;;
Fase;In√≠cio;T√©rmino;Dura√ß√£o;Semanas;;;
F1 ‚Äî Prepara√ß√£o;10/03/2026;28/03/2026;19 dias;1‚Äì3;;;
F2 ‚Äî Interven√ß√£o Inicial;31/03/2026;25/04/2026;26 dias;4‚Äì7;;;
F3 ‚Äî Avalia√ß√£o Intermedi√°ria 1;28/04/2026;16/05/2026;19 dias;8‚Äì10;;;
F4 ‚Äî Interven√ß√£o Avan√ßada;19/05/2026;06/06/2026;19 dias;11‚Äì13;;;
F5 ‚Äî Avalia√ß√£o Final e Coleta;09/06/2026;27/06/2026;19 dias;14‚Äì16;;;
F6 ‚Äî An√°lise e Relat√≥rio;30/06/2026;31/07/2026;32 dias;17‚Äì20;;;
TOTAL DA VALIDA√á√ÉO;10/03/2026;31/07/2026;144 dias;20 semanas;;;
Mestrado (reda√ß√£o + defesa);01/08/2026;31/08/2026;31 dias;‚Äî;;;
;;;;;;;;
MARCOS CR√çTICOS (MILESTONES);;;;;;;;
Marco;Data;Descri√ß√£o;;;;;
üî¥ O‚ÇÅ;24/03 ‚Äì 28/03/2026;Pr√©-teste diagn√≥stico (GE + GC);;;;;
üî¥ O‚ÇÇ;11/05 ‚Äì 14/05/2026;Avalia√ß√£o intermedi√°ria 1 ‚Äî dist√∫rbios metab√≥licos;;;;;
üî¥ O‚ÇÉ;14/06 ‚Äì 16/06/2026;Avalia√ß√£o intermedi√°ria 2 ‚Äî dist√∫rbios respirat√≥rios e mistos;;;;;
üî¥ O‚ÇÑ;20/06 ‚Äì 23/06/2026;P√≥s-teste final ‚Äî avalia√ß√£o abrangente;;;;;
‚úÖ Coleta;27/06/2026;Encerramento da coleta de dados;;;;;
‚úÖ Relat√≥rio;31/07/2026;Entrega do relat√≥rio final de valida√ß√£o (IEEE 829);;;;;
üéì Defesa;Agosto/2026;Defesa do mestrado;;;;;
;;;;;;;;
;;;;;;;;
=== SE√á√ÉO 10 ‚Äî INSTRUMENTOS DE COLETA DE DADOS ===;;;;;;;;
;;;;;;;;
INSTRUMENTOS APLICADOS PELO PESQUISADOR;;;;;;;;
ID;Instrumento;Momento;Amostra;Formato;;;
I-01;Pr√©-teste diagn√≥stico;24/03 ‚Äì 28/03/2026 (O‚ÇÅ);GE + GC;Quest√µes objetivas e discursivas (0‚Äì10);;;
I-02;Avalia√ß√£o intermedi√°ria 1;11/05 ‚Äì 14/05/2026 (O‚ÇÇ);GE + GC;Prova te√≥rico-pr√°tica (0‚Äì10);;;
I-03;Avalia√ß√£o intermedi√°ria 2;14/06 ‚Äì 16/06/2026 (O‚ÇÉ);GE + GC;Prova te√≥rico-pr√°tica (0‚Äì10);;;
I-04;P√≥s-teste final;20/06 ‚Äì 23/06/2026 (O‚ÇÑ);GE + GC;Quest√µes objetivas e discursivas (0‚Äì10);;;
I-05;Question√°rio de satisfa√ß√£o;17/06 ‚Äì 19/06/2026;GE apenas;Escala Likert 5 pontos (SUS adaptado);;;
;;;;;;;;
DADOS COLETADOS AUTOMATICAMENTE PELO SUT;;;;;;;;
ID;Dado;Tabela no Banco;Tipo;Granularidade;;;
D-01;Sess√µes de simula√ß√£o;simulation_sessions;Quantitativo;Por sess√£o;;;
D-02;Snapshots de par√¢metros;session_history;Quantitativo;Por tick (1s);;;
D-03;Decis√µes cl√≠nicas;session_decisions;Qualitativo/Quantitativo;Por evento;;;
D-04;Tratamentos aplicados;session_treatments;Quantitativo;Por evento;;;
D-05;Badges conquistados;user_badges;Quantitativo;Por conquista;;;
D-06;Ranking semanal;weekly_ranking_history;Quantitativo;Semanal;;;
D-07;Notas de simula√ß√£o;simulation_notes;Qualitativo;Por anota√ß√£o;;;
